{
  "project_info": {
    "project_number": "1022335486264",
    "firebase_url": "https://cong-public.firebaseio.com",
    "project_id": "cong-public",
    "storage_bucket": "cong-public.appspot.com"
  },
  "client": [
    {
      "client_info": {
        "mobilesdk_app_id": "1:1022335486264:android:6623614e631a0569",
        "android_client_info": {
          "package_name": "codes.codehub.cong.public"
        }
      },
      "oauth_client": [
        {
          "client_id": "1022335486264-brhc3lbk27mvbrcs5d0mnlhd6q7o94hu.apps.googleusercontent.com",
          "client_type": 3
        }
      ],
      "api_key": [
        {
          "current_key": "AIzaSyA62V9Zg-7XiL9w8pZNDbXBFtKht62HXro"
        }
      ],
      "services": {
        "analytics_service": {
          "status": 1
        },
        "appinvite_service": {
          "status": 1,
          "other_platform_oauth_client": []
        },
        "ads_service": {
          "status": 2
        }
      }
    }
  ],
  "configuration_version": "1"
}